loss,accuracy,f1,auc
0.5515860565006733,79.84126984126983,0.7994227994227994,0.9210750833710385
