valid_precision,valid_recall,valid_f1,valid_acc,valid_loss_avg
0.8643888609574883,0.8561630800761235,0.8578893682860134,86.66666666666667,0.3680872403913074
